0, ENVOY_2, train result train_acc ,0.569697
0, ENVOY_2, locally_tuned_model_validate result validation_accuracy ,0.633333
0, ENVOY_2, aggregated_model_validate result validation_accuracy ,0.383333
0, ENVOY_3, train result train_acc ,0.593939
0, ENVOY_3, locally_tuned_model_validate result validation_accuracy ,0.616667
0, ENVOY_3, aggregated_model_validate result validation_accuracy ,0.466667
0, ENVOY_1, train result train_acc ,0.557576
0, ENVOY_1, locally_tuned_model_validate result validation_accuracy ,0.550000
0, ENVOY_1, aggregated_model_validate result validation_accuracy ,0.366667
0, Aggregator, train result train_acc ,0.573737
0, Aggregator, locally_tuned_model_validate result validation_accuracy ,0.600000
0, Aggregator, aggregated_model_validate result validation_accuracy ,0.405556
1, ENVOY_1, train result train_acc ,0.836364
1, ENVOY_1, locally_tuned_model_validate result validation_accuracy ,0.700000
1, ENVOY_1, aggregated_model_validate result validation_accuracy ,0.666667
1, ENVOY_2, train result train_acc ,0.812121
1, ENVOY_2, locally_tuned_model_validate result validation_accuracy ,0.716667
1, ENVOY_2, aggregated_model_validate result validation_accuracy ,0.566667
1, ENVOY_3, train result train_acc ,0.769697
1, ENVOY_3, locally_tuned_model_validate result validation_accuracy ,0.683333
1, ENVOY_3, aggregated_model_validate result validation_accuracy ,0.616667
1, Aggregator, train result train_acc ,0.806061
1, Aggregator, locally_tuned_model_validate result validation_accuracy ,0.700000
1, Aggregator, aggregated_model_validate result validation_accuracy ,0.616667
2, ENVOY_3, train result train_acc ,0.800000
2, ENVOY_3, locally_tuned_model_validate result validation_accuracy ,0.683333
2, ENVOY_3, aggregated_model_validate result validation_accuracy ,0.700000
2, ENVOY_1, train result train_acc ,0.878788
2, ENVOY_1, locally_tuned_model_validate result validation_accuracy ,0.766667
2, ENVOY_1, aggregated_model_validate result validation_accuracy ,0.750000
2, ENVOY_2, train result train_acc ,0.848485
2, ENVOY_2, locally_tuned_model_validate result validation_accuracy ,0.733333
2, ENVOY_2, aggregated_model_validate result validation_accuracy ,0.666667
2, Aggregator, train result train_acc ,0.842424
2, Aggregator, locally_tuned_model_validate result validation_accuracy ,0.727778
2, Aggregator, aggregated_model_validate result validation_accuracy ,0.705556
3, ENVOY_2, train result train_acc ,0.878788
3, ENVOY_2, locally_tuned_model_validate result validation_accuracy ,0.766667
3, ENVOY_2, aggregated_model_validate result validation_accuracy ,0.700000
3, ENVOY_3, train result train_acc ,0.836364
3, ENVOY_3, locally_tuned_model_validate result validation_accuracy ,0.716667
3, ENVOY_3, aggregated_model_validate result validation_accuracy ,0.733333
3, ENVOY_1, train result train_acc ,0.896970
3, ENVOY_1, locally_tuned_model_validate result validation_accuracy ,0.700000
3, ENVOY_1, aggregated_model_validate result validation_accuracy ,0.816667
3, Aggregator, train result train_acc ,0.870707
3, Aggregator, locally_tuned_model_validate result validation_accuracy ,0.727778
3, Aggregator, aggregated_model_validate result validation_accuracy ,0.750000
4, ENVOY_1, train result train_acc ,0.890909
4, ENVOY_1, locally_tuned_model_validate result validation_accuracy ,0.783333
4, ENVOY_1, aggregated_model_validate result validation_accuracy ,0.850000
4, ENVOY_2, train result train_acc ,0.872727
4, ENVOY_2, locally_tuned_model_validate result validation_accuracy ,0.783333
4, ENVOY_2, aggregated_model_validate result validation_accuracy ,0.783333
4, ENVOY_3, train result train_acc ,0.848485
4, ENVOY_3, locally_tuned_model_validate result validation_accuracy ,0.750000
4, ENVOY_3, aggregated_model_validate result validation_accuracy ,0.650000
4, Aggregator, train result train_acc ,0.870707
4, Aggregator, locally_tuned_model_validate result validation_accuracy ,0.772222
4, Aggregator, aggregated_model_validate result validation_accuracy ,0.761111
5, ENVOY_3, train result train_acc ,0.866667
5, ENVOY_3, locally_tuned_model_validate result validation_accuracy ,0.800000
5, ENVOY_3, aggregated_model_validate result validation_accuracy ,0.700000
5, ENVOY_1, train result train_acc ,0.903030
5, ENVOY_1, locally_tuned_model_validate result validation_accuracy ,0.866667
5, ENVOY_1, aggregated_model_validate result validation_accuracy ,0.850000
5, ENVOY_2, train result train_acc ,0.884848
5, ENVOY_2, locally_tuned_model_validate result validation_accuracy ,0.783333
5, ENVOY_2, aggregated_model_validate result validation_accuracy ,0.733333
5, Aggregator, train result train_acc ,0.884848
5, Aggregator, locally_tuned_model_validate result validation_accuracy ,0.816667
5, Aggregator, aggregated_model_validate result validation_accuracy ,0.761111
6, ENVOY_2, train result train_acc ,0.903030
6, ENVOY_2, locally_tuned_model_validate result validation_accuracy ,0.816667
6, ENVOY_2, aggregated_model_validate result validation_accuracy ,0.766667
6, ENVOY_3, train result train_acc ,0.866667
6, ENVOY_3, locally_tuned_model_validate result validation_accuracy ,0.816667
6, ENVOY_3, aggregated_model_validate result validation_accuracy ,0.800000
6, ENVOY_1, train result train_acc ,0.927273
6, ENVOY_1, locally_tuned_model_validate result validation_accuracy ,0.850000
6, ENVOY_1, aggregated_model_validate result validation_accuracy ,0.850000
6, Aggregator, train result train_acc ,0.898990
6, Aggregator, locally_tuned_model_validate result validation_accuracy ,0.827778
6, Aggregator, aggregated_model_validate result validation_accuracy ,0.805556
7, ENVOY_1, train result train_acc ,0.915152
7, ENVOY_1, locally_tuned_model_validate result validation_accuracy ,0.833333
7, ENVOY_1, aggregated_model_validate result validation_accuracy ,0.883333
7, ENVOY_2, train result train_acc ,0.903030
7, ENVOY_2, locally_tuned_model_validate result validation_accuracy ,0.783333
7, ENVOY_2, aggregated_model_validate result validation_accuracy ,0.816667
7, ENVOY_3, train result train_acc ,0.872727
7, ENVOY_3, locally_tuned_model_validate result validation_accuracy ,0.850000
7, ENVOY_3, aggregated_model_validate result validation_accuracy ,0.833333
7, Aggregator, train result train_acc ,0.896970
7, Aggregator, locally_tuned_model_validate result validation_accuracy ,0.822222
7, Aggregator, aggregated_model_validate result validation_accuracy ,0.844444
8, ENVOY_3, train result train_acc ,0.884848
8, ENVOY_3, locally_tuned_model_validate result validation_accuracy ,0.800000
8, ENVOY_1, train result train_acc ,0.933333
8, ENVOY_3, aggregated_model_validate result validation_accuracy ,0.783333
8, ENVOY_1, locally_tuned_model_validate result validation_accuracy ,0.883333
8, ENVOY_1, aggregated_model_validate result validation_accuracy ,0.916667
8, ENVOY_2, train result train_acc ,0.909091
8, ENVOY_2, locally_tuned_model_validate result validation_accuracy ,0.833333
8, ENVOY_2, aggregated_model_validate result validation_accuracy ,0.816667
8, Aggregator, train result train_acc ,0.909091
8, Aggregator, locally_tuned_model_validate result validation_accuracy ,0.838889
8, Aggregator, aggregated_model_validate result validation_accuracy ,0.838889
9, ENVOY_2, train result train_acc ,0.903030
9, ENVOY_2, locally_tuned_model_validate result validation_accuracy ,0.816667
9, ENVOY_2, aggregated_model_validate result validation_accuracy ,0.833333
9, ENVOY_3, train result train_acc ,0.872727
9, ENVOY_1, train result train_acc ,0.939394
9, ENVOY_3, locally_tuned_model_validate result validation_accuracy ,0.816667
9, ENVOY_1, locally_tuned_model_validate result validation_accuracy ,0.883333
9, ENVOY_3, aggregated_model_validate result validation_accuracy ,0.800000
9, ENVOY_1, aggregated_model_validate result validation_accuracy ,0.883333
9, Aggregator, train result train_acc ,0.905051
9, Aggregator, locally_tuned_model_validate result validation_accuracy ,0.838889
9, Aggregator, aggregated_model_validate result validation_accuracy ,0.838889
10, ENVOY_1, train result train_acc ,0.933333
10, ENVOY_1, locally_tuned_model_validate result validation_accuracy ,0.850000
10, ENVOY_1, aggregated_model_validate result validation_accuracy ,0.866667
10, ENVOY_2, train result train_acc ,0.921212
10, ENVOY_2, locally_tuned_model_validate result validation_accuracy ,0.833333
10, ENVOY_2, aggregated_model_validate result validation_accuracy ,0.850000
10, ENVOY_3, train result train_acc ,0.884848
10, ENVOY_3, locally_tuned_model_validate result validation_accuracy ,0.816667
10, ENVOY_3, aggregated_model_validate result validation_accuracy ,0.783333
10, Aggregator, train result train_acc ,0.913131
10, Aggregator, locally_tuned_model_validate result validation_accuracy ,0.833333
10, Aggregator, aggregated_model_validate result validation_accuracy ,0.833333
11, ENVOY_3, train result train_acc ,0.878788
11, ENVOY_3, locally_tuned_model_validate result validation_accuracy ,0.850000
11, ENVOY_3, aggregated_model_validate result validation_accuracy ,0.833333
11, ENVOY_2, train result train_acc ,0.915152
11, ENVOY_2, locally_tuned_model_validate result validation_accuracy ,0.800000
11, ENVOY_2, aggregated_model_validate result validation_accuracy ,0.816667
11, ENVOY_1, train result train_acc ,0.939394
11, ENVOY_1, locally_tuned_model_validate result validation_accuracy ,0.883333
11, ENVOY_1, aggregated_model_validate result validation_accuracy ,0.916667
11, Aggregator, train result train_acc ,0.911111
11, Aggregator, locally_tuned_model_validate result validation_accuracy ,0.844444
11, Aggregator, aggregated_model_validate result validation_accuracy ,0.855556
12, ENVOY_1, train result train_acc ,0.939394
12, ENVOY_1, locally_tuned_model_validate result validation_accuracy ,0.883333
12, ENVOY_1, aggregated_model_validate result validation_accuracy ,0.933333
12, ENVOY_3, train result train_acc ,0.896970
12, ENVOY_3, locally_tuned_model_validate result validation_accuracy ,0.833333
12, ENVOY_3, aggregated_model_validate result validation_accuracy ,0.850000
12, ENVOY_2, train result train_acc ,0.927273
12, ENVOY_2, locally_tuned_model_validate result validation_accuracy ,0.833333
12, ENVOY_2, aggregated_model_validate result validation_accuracy ,0.800000
12, Aggregator, train result train_acc ,0.921212
12, Aggregator, locally_tuned_model_validate result validation_accuracy ,0.850000
12, Aggregator, aggregated_model_validate result validation_accuracy ,0.861111
13, ENVOY_2, train result train_acc ,0.921212
13, ENVOY_2, locally_tuned_model_validate result validation_accuracy ,0.866667
13, ENVOY_2, aggregated_model_validate result validation_accuracy ,0.800000
13, ENVOY_1, train result train_acc ,0.939394
13, ENVOY_1, locally_tuned_model_validate result validation_accuracy ,0.933333
13, ENVOY_1, aggregated_model_validate result validation_accuracy ,0.933333
13, ENVOY_3, train result train_acc ,0.896970
13, ENVOY_3, locally_tuned_model_validate result validation_accuracy ,0.833333
13, ENVOY_3, aggregated_model_validate result validation_accuracy ,0.866667
13, Aggregator, train result train_acc ,0.919192
13, Aggregator, locally_tuned_model_validate result validation_accuracy ,0.877778
13, Aggregator, aggregated_model_validate result validation_accuracy ,0.866667
14, ENVOY_3, train result train_acc ,0.890909
14, ENVOY_3, locally_tuned_model_validate result validation_accuracy ,0.850000
14, ENVOY_3, aggregated_model_validate result validation_accuracy ,0.816667
14, ENVOY_2, train result train_acc ,0.927273
14, ENVOY_2, locally_tuned_model_validate result validation_accuracy ,0.883333
14, ENVOY_2, aggregated_model_validate result validation_accuracy ,0.800000
14, ENVOY_1, train result train_acc ,0.945455
14, ENVOY_1, locally_tuned_model_validate result validation_accuracy ,0.916667
14, ENVOY_1, aggregated_model_validate result validation_accuracy ,0.950000
14, Aggregator, train result train_acc ,0.921212
14, Aggregator, locally_tuned_model_validate result validation_accuracy ,0.883333
14, Aggregator, aggregated_model_validate result validation_accuracy ,0.855556
15, ENVOY_1, train result train_acc ,0.945455
15, ENVOY_1, locally_tuned_model_validate result validation_accuracy ,0.933333
15, ENVOY_1, aggregated_model_validate result validation_accuracy ,0.983333
15, ENVOY_3, train result train_acc ,0.896970
15, ENVOY_3, locally_tuned_model_validate result validation_accuracy ,0.833333
15, ENVOY_3, aggregated_model_validate result validation_accuracy ,0.833333
15, ENVOY_2, train result train_acc ,0.927273
15, ENVOY_2, locally_tuned_model_validate result validation_accuracy ,0.850000
15, ENVOY_2, aggregated_model_validate result validation_accuracy ,0.833333
15, Aggregator, train result train_acc ,0.923232
15, Aggregator, locally_tuned_model_validate result validation_accuracy ,0.872222
15, Aggregator, aggregated_model_validate result validation_accuracy ,0.883333
16, ENVOY_2, train result train_acc ,0.927273
16, ENVOY_2, locally_tuned_model_validate result validation_accuracy ,0.866667
16, ENVOY_2, aggregated_model_validate result validation_accuracy ,0.833333
16, ENVOY_1, train result train_acc ,0.945455
16, ENVOY_1, locally_tuned_model_validate result validation_accuracy ,0.916667
16, ENVOY_1, aggregated_model_validate result validation_accuracy ,0.950000
16, ENVOY_3, train result train_acc ,0.884848
16, ENVOY_3, locally_tuned_model_validate result validation_accuracy ,0.833333
16, ENVOY_3, aggregated_model_validate result validation_accuracy ,0.850000
16, Aggregator, train result train_acc ,0.919192
16, Aggregator, locally_tuned_model_validate result validation_accuracy ,0.872222
16, Aggregator, aggregated_model_validate result validation_accuracy ,0.877778
17, ENVOY_3, train result train_acc ,0.896970
17, ENVOY_3, locally_tuned_model_validate result validation_accuracy ,0.850000
17, ENVOY_3, aggregated_model_validate result validation_accuracy ,0.833333
17, ENVOY_2, train result train_acc ,0.921212
17, ENVOY_2, locally_tuned_model_validate result validation_accuracy ,0.850000
17, ENVOY_2, aggregated_model_validate result validation_accuracy ,0.800000
17, ENVOY_1, train result train_acc ,0.945455
17, ENVOY_1, locally_tuned_model_validate result validation_accuracy ,0.933333
17, ENVOY_1, aggregated_model_validate result validation_accuracy ,0.966667
17, Aggregator, train result train_acc ,0.921212
17, Aggregator, locally_tuned_model_validate result validation_accuracy ,0.877778
17, Aggregator, aggregated_model_validate result validation_accuracy ,0.866667
18, ENVOY_1, train result train_acc ,0.945455
18, ENVOY_1, locally_tuned_model_validate result validation_accuracy ,0.950000
18, ENVOY_1, aggregated_model_validate result validation_accuracy ,0.966667
18, ENVOY_3, train result train_acc ,0.903030
18, ENVOY_3, locally_tuned_model_validate result validation_accuracy ,0.833333
18, ENVOY_3, aggregated_model_validate result validation_accuracy ,0.850000
18, ENVOY_2, train result train_acc ,0.939394
18, ENVOY_2, locally_tuned_model_validate result validation_accuracy ,0.833333
18, ENVOY_2, aggregated_model_validate result validation_accuracy ,0.833333
18, Aggregator, train result train_acc ,0.929293
18, Aggregator, locally_tuned_model_validate result validation_accuracy ,0.872222
18, Aggregator, aggregated_model_validate result validation_accuracy ,0.883333
19, ENVOY_2, train result train_acc ,0.939394
19, ENVOY_2, locally_tuned_model_validate result validation_accuracy ,0.866667
19, ENVOY_2, aggregated_model_validate result validation_accuracy ,0.866667
19, ENVOY_1, train result train_acc ,0.945455
19, ENVOY_1, locally_tuned_model_validate result validation_accuracy ,0.966667
19, ENVOY_1, aggregated_model_validate result validation_accuracy ,0.966667
19, ENVOY_3, train result train_acc ,0.903030
19, ENVOY_3, locally_tuned_model_validate result validation_accuracy ,0.850000
19, ENVOY_3, aggregated_model_validate result validation_accuracy ,0.883333
19, Aggregator, train result train_acc ,0.929293
19, Aggregator, locally_tuned_model_validate result validation_accuracy ,0.894444
19, Aggregator, aggregated_model_validate result validation_accuracy ,0.905556
20, ENVOY_3, train result train_acc ,0.909091
20, ENVOY_3, locally_tuned_model_validate result validation_accuracy ,0.866667
20, ENVOY_3, aggregated_model_validate result validation_accuracy ,0.850000
20, ENVOY_2, train result train_acc ,0.933333
20, ENVOY_2, locally_tuned_model_validate result validation_accuracy ,0.816667
20, ENVOY_2, aggregated_model_validate result validation_accuracy ,0.850000
20, ENVOY_1, train result train_acc ,0.945455
20, ENVOY_1, locally_tuned_model_validate result validation_accuracy ,0.916667
20, ENVOY_1, aggregated_model_validate result validation_accuracy ,0.966667
20, Aggregator, train result train_acc ,0.929293
20, Aggregator, locally_tuned_model_validate result validation_accuracy ,0.866667
20, Aggregator, aggregated_model_validate result validation_accuracy ,0.888889
21, ENVOY_1, train result train_acc ,0.939394
21, ENVOY_1, locally_tuned_model_validate result validation_accuracy ,0.933333
21, ENVOY_1, aggregated_model_validate result validation_accuracy ,0.966667
21, ENVOY_3, train result train_acc ,0.915152
21, ENVOY_3, locally_tuned_model_validate result validation_accuracy ,0.883333
21, ENVOY_3, aggregated_model_validate result validation_accuracy ,0.833333
21, ENVOY_2, train result train_acc ,0.933333
21, ENVOY_2, locally_tuned_model_validate result validation_accuracy ,0.833333
21, ENVOY_2, aggregated_model_validate result validation_accuracy ,0.816667
21, Aggregator, train result train_acc ,0.929293
21, Aggregator, locally_tuned_model_validate result validation_accuracy ,0.883333
21, Aggregator, aggregated_model_validate result validation_accuracy ,0.872222
22, ENVOY_2, train result train_acc ,0.933333
22, ENVOY_2, locally_tuned_model_validate result validation_accuracy ,0.850000
22, ENVOY_2, aggregated_model_validate result validation_accuracy ,0.850000
22, ENVOY_1, train result train_acc ,0.945455
22, ENVOY_1, locally_tuned_model_validate result validation_accuracy ,0.950000
22, ENVOY_1, aggregated_model_validate result validation_accuracy ,0.983333
22, ENVOY_3, train result train_acc ,0.909091
22, ENVOY_3, locally_tuned_model_validate result validation_accuracy ,0.883333
22, ENVOY_3, aggregated_model_validate result validation_accuracy ,0.850000
22, Aggregator, train result train_acc ,0.929293
22, Aggregator, locally_tuned_model_validate result validation_accuracy ,0.894444
22, Aggregator, aggregated_model_validate result validation_accuracy ,0.894444
23, ENVOY_3, train result train_acc ,0.903030
23, ENVOY_3, locally_tuned_model_validate result validation_accuracy ,0.850000
23, ENVOY_3, aggregated_model_validate result validation_accuracy ,0.850000
23, ENVOY_2, train result train_acc ,0.933333
23, ENVOY_2, locally_tuned_model_validate result validation_accuracy ,0.850000
23, ENVOY_2, aggregated_model_validate result validation_accuracy ,0.800000
23, ENVOY_1, train result train_acc ,0.945455
23, ENVOY_1, locally_tuned_model_validate result validation_accuracy ,0.933333
23, ENVOY_1, aggregated_model_validate result validation_accuracy ,0.966667
23, Aggregator, train result train_acc ,0.927273
23, Aggregator, locally_tuned_model_validate result validation_accuracy ,0.877778
23, Aggregator, aggregated_model_validate result validation_accuracy ,0.872222
24, ENVOY_1, train result train_acc ,0.951515
24, ENVOY_1, locally_tuned_model_validate result validation_accuracy ,0.966667
24, ENVOY_1, aggregated_model_validate result validation_accuracy ,0.966667
24, ENVOY_3, train result train_acc ,0.909091
24, ENVOY_3, locally_tuned_model_validate result validation_accuracy ,0.833333
24, ENVOY_3, aggregated_model_validate result validation_accuracy ,0.850000
24, ENVOY_2, train result train_acc ,0.939394
24, ENVOY_2, locally_tuned_model_validate result validation_accuracy ,0.833333
24, ENVOY_2, aggregated_model_validate result validation_accuracy ,0.800000
24, Aggregator, train result train_acc ,0.933333
24, Aggregator, locally_tuned_model_validate result validation_accuracy ,0.877778
24, Aggregator, aggregated_model_validate result validation_accuracy ,0.872222
25, ENVOY_2, train result train_acc ,0.927273
25, ENVOY_2, locally_tuned_model_validate result validation_accuracy ,0.850000
25, ENVOY_2, aggregated_model_validate result validation_accuracy ,0.816667
25, ENVOY_1, train result train_acc ,0.951515
25, ENVOY_1, locally_tuned_model_validate result validation_accuracy ,0.966667
25, ENVOY_1, aggregated_model_validate result validation_accuracy ,1.000000
25, ENVOY_3, train result train_acc ,0.903030
25, ENVOY_3, locally_tuned_model_validate result validation_accuracy ,0.866667
25, ENVOY_3, aggregated_model_validate result validation_accuracy ,0.833333
25, Aggregator, train result train_acc ,0.927273
25, Aggregator, locally_tuned_model_validate result validation_accuracy ,0.894444
25, Aggregator, aggregated_model_validate result validation_accuracy ,0.883333
26, ENVOY_3, train result train_acc ,0.903030
26, ENVOY_3, locally_tuned_model_validate result validation_accuracy ,0.850000
26, ENVOY_3, aggregated_model_validate result validation_accuracy ,0.916667
26, ENVOY_2, train result train_acc ,0.939394
26, ENVOY_2, locally_tuned_model_validate result validation_accuracy ,0.866667
26, ENVOY_2, aggregated_model_validate result validation_accuracy ,0.800000
26, ENVOY_1, train result train_acc ,0.945455
26, ENVOY_1, locally_tuned_model_validate result validation_accuracy ,0.950000
26, ENVOY_1, aggregated_model_validate result validation_accuracy ,0.966667
26, Aggregator, train result train_acc ,0.929293
26, Aggregator, locally_tuned_model_validate result validation_accuracy ,0.888889
26, Aggregator, aggregated_model_validate result validation_accuracy ,0.894444
27, ENVOY_1, train result train_acc ,0.951515
27, ENVOY_1, locally_tuned_model_validate result validation_accuracy ,0.950000
27, ENVOY_1, aggregated_model_validate result validation_accuracy ,0.966667
27, ENVOY_3, train result train_acc ,0.909091
27, ENVOY_3, locally_tuned_model_validate result validation_accuracy ,0.866667
27, ENVOY_3, aggregated_model_validate result validation_accuracy ,0.883333
27, ENVOY_2, train result train_acc ,0.927273
27, ENVOY_2, locally_tuned_model_validate result validation_accuracy ,0.833333
27, ENVOY_2, aggregated_model_validate result validation_accuracy ,0.833333
27, Aggregator, train result train_acc ,0.929293
27, Aggregator, locally_tuned_model_validate result validation_accuracy ,0.883333
27, Aggregator, aggregated_model_validate result validation_accuracy ,0.894444
28, ENVOY_2, train result train_acc ,0.933333
28, ENVOY_2, locally_tuned_model_validate result validation_accuracy ,0.833333
28, ENVOY_2, aggregated_model_validate result validation_accuracy ,0.816667
28, ENVOY_1, train result train_acc ,0.945455
28, ENVOY_1, locally_tuned_model_validate result validation_accuracy ,0.950000
28, ENVOY_1, aggregated_model_validate result validation_accuracy ,0.966667
28, ENVOY_3, train result train_acc ,0.909091
28, ENVOY_3, locally_tuned_model_validate result validation_accuracy ,0.850000
28, ENVOY_3, aggregated_model_validate result validation_accuracy ,0.883333
28, Aggregator, train result train_acc ,0.929293
28, Aggregator, locally_tuned_model_validate result validation_accuracy ,0.877778
28, Aggregator, aggregated_model_validate result validation_accuracy ,0.888889
29, ENVOY_3, train result train_acc ,0.915152
29, ENVOY_3, locally_tuned_model_validate result validation_accuracy ,0.883333
29, ENVOY_3, aggregated_model_validate result validation_accuracy ,0.850000
29, ENVOY_2, train result train_acc ,0.939394
29, ENVOY_2, locally_tuned_model_validate result validation_accuracy ,0.800000
29, ENVOY_2, aggregated_model_validate result validation_accuracy ,0.833333
29, ENVOY_1, train result train_acc ,0.939394
29, ENVOY_1, locally_tuned_model_validate result validation_accuracy ,0.950000
29, ENVOY_1, aggregated_model_validate result validation_accuracy ,0.966667
29, Aggregator, train result train_acc ,0.931313
29, Aggregator, locally_tuned_model_validate result validation_accuracy ,0.877778
29, Aggregator, aggregated_model_validate result validation_accuracy ,0.883333
30, ENVOY_1, train result train_acc ,0.951515
30, ENVOY_1, locally_tuned_model_validate result validation_accuracy ,0.933333
30, ENVOY_1, aggregated_model_validate result validation_accuracy ,0.966667
30, ENVOY_3, train result train_acc ,0.909091
30, ENVOY_3, locally_tuned_model_validate result validation_accuracy ,0.866667
30, ENVOY_3, aggregated_model_validate result validation_accuracy ,0.900000
30, ENVOY_2, train result train_acc ,0.939394
30, ENVOY_2, locally_tuned_model_validate result validation_accuracy ,0.816667
30, ENVOY_2, aggregated_model_validate result validation_accuracy ,0.816667
30, Aggregator, train result train_acc ,0.933333
30, Aggregator, locally_tuned_model_validate result validation_accuracy ,0.872222
30, Aggregator, aggregated_model_validate result validation_accuracy ,0.894444
31, ENVOY_2, train result train_acc ,0.939394
31, ENVOY_2, locally_tuned_model_validate result validation_accuracy ,0.833333
31, ENVOY_2, aggregated_model_validate result validation_accuracy ,0.816667
31, ENVOY_1, train result train_acc ,0.957576
31, ENVOY_1, locally_tuned_model_validate result validation_accuracy ,0.933333
31, ENVOY_1, aggregated_model_validate result validation_accuracy ,0.983333
31, ENVOY_3, train result train_acc ,0.896970
31, ENVOY_3, locally_tuned_model_validate result validation_accuracy ,0.866667
31, ENVOY_3, aggregated_model_validate result validation_accuracy ,0.866667
31, Aggregator, train result train_acc ,0.931313
31, Aggregator, locally_tuned_model_validate result validation_accuracy ,0.877778
31, Aggregator, aggregated_model_validate result validation_accuracy ,0.888889
32, ENVOY_3, train result train_acc ,0.896970
32, ENVOY_3, locally_tuned_model_validate result validation_accuracy ,0.850000
32, ENVOY_3, aggregated_model_validate result validation_accuracy ,0.866667
32, ENVOY_2, train result train_acc ,0.933333
32, ENVOY_2, locally_tuned_model_validate result validation_accuracy ,0.816667
32, ENVOY_2, aggregated_model_validate result validation_accuracy ,0.816667
32, ENVOY_1, train result train_acc ,0.957576
32, ENVOY_1, locally_tuned_model_validate result validation_accuracy ,0.933333
32, ENVOY_1, aggregated_model_validate result validation_accuracy ,0.966667
32, Aggregator, train result train_acc ,0.929293
32, Aggregator, locally_tuned_model_validate result validation_accuracy ,0.866667
32, Aggregator, aggregated_model_validate result validation_accuracy ,0.883333
33, ENVOY_1, train result train_acc ,0.945455
33, ENVOY_1, locally_tuned_model_validate result validation_accuracy ,0.933333
33, ENVOY_1, aggregated_model_validate result validation_accuracy ,0.983333
33, ENVOY_3, train result train_acc ,0.921212
33, ENVOY_3, locally_tuned_model_validate result validation_accuracy ,0.883333
33, ENVOY_3, aggregated_model_validate result validation_accuracy ,0.883333
33, ENVOY_2, train result train_acc ,0.933333
33, ENVOY_2, locally_tuned_model_validate result validation_accuracy ,0.866667
33, ENVOY_2, aggregated_model_validate result validation_accuracy ,0.800000
33, Aggregator, train result train_acc ,0.933333
33, Aggregator, locally_tuned_model_validate result validation_accuracy ,0.894444
33, Aggregator, aggregated_model_validate result validation_accuracy ,0.888889
34, ENVOY_2, train result train_acc ,0.945455
34, ENVOY_2, locally_tuned_model_validate result validation_accuracy ,0.816667
34, ENVOY_2, aggregated_model_validate result validation_accuracy ,0.816667
34, ENVOY_1, train result train_acc ,0.945455
34, ENVOY_1, locally_tuned_model_validate result validation_accuracy ,0.950000
34, ENVOY_1, aggregated_model_validate result validation_accuracy ,0.983333
34, ENVOY_3, train result train_acc ,0.903030
34, ENVOY_3, locally_tuned_model_validate result validation_accuracy ,0.883333
34, ENVOY_3, aggregated_model_validate result validation_accuracy ,0.866667
34, Aggregator, train result train_acc ,0.931313
34, Aggregator, locally_tuned_model_validate result validation_accuracy ,0.883333
34, Aggregator, aggregated_model_validate result validation_accuracy ,0.888889
35, ENVOY_3, train result train_acc ,0.909091
35, ENVOY_3, locally_tuned_model_validate result validation_accuracy ,0.883333
35, ENVOY_3, aggregated_model_validate result validation_accuracy ,0.866667
35, ENVOY_2, train result train_acc ,0.939394
35, ENVOY_2, locally_tuned_model_validate result validation_accuracy ,0.816667
35, ENVOY_2, aggregated_model_validate result validation_accuracy ,0.850000
35, ENVOY_1, train result train_acc ,0.945455
35, ENVOY_1, locally_tuned_model_validate result validation_accuracy ,0.950000
35, ENVOY_1, aggregated_model_validate result validation_accuracy ,0.983333
35, Aggregator, train result train_acc ,0.931313
35, Aggregator, locally_tuned_model_validate result validation_accuracy ,0.883333
35, Aggregator, aggregated_model_validate result validation_accuracy ,0.900000
36, ENVOY_1, train result train_acc ,0.951515
36, ENVOY_1, locally_tuned_model_validate result validation_accuracy ,0.950000
36, ENVOY_1, aggregated_model_validate result validation_accuracy ,0.983333
36, ENVOY_3, train result train_acc ,0.896970
36, ENVOY_3, locally_tuned_model_validate result validation_accuracy ,0.833333
36, ENVOY_3, aggregated_model_validate result validation_accuracy ,0.866667
36, ENVOY_2, train result train_acc ,0.927273
36, ENVOY_2, locally_tuned_model_validate result validation_accuracy ,0.833333
36, ENVOY_2, aggregated_model_validate result validation_accuracy ,0.816667
36, Aggregator, train result train_acc ,0.925252
36, Aggregator, locally_tuned_model_validate result validation_accuracy ,0.872222
36, Aggregator, aggregated_model_validate result validation_accuracy ,0.888889
37, ENVOY_2, train result train_acc ,0.945455
37, ENVOY_2, locally_tuned_model_validate result validation_accuracy ,0.816667
37, ENVOY_2, aggregated_model_validate result validation_accuracy ,0.833333
37, ENVOY_1, train result train_acc ,0.945455
37, ENVOY_1, locally_tuned_model_validate result validation_accuracy ,0.966667
37, ENVOY_1, aggregated_model_validate result validation_accuracy ,0.983333
37, ENVOY_3, train result train_acc ,0.909091
37, ENVOY_3, locally_tuned_model_validate result validation_accuracy ,0.866667
37, ENVOY_3, aggregated_model_validate result validation_accuracy ,0.850000
37, Aggregator, train result train_acc ,0.933333
37, Aggregator, locally_tuned_model_validate result validation_accuracy ,0.883333
37, Aggregator, aggregated_model_validate result validation_accuracy ,0.888889
38, ENVOY_3, train result train_acc ,0.909091
38, ENVOY_3, locally_tuned_model_validate result validation_accuracy ,0.883333
38, ENVOY_3, aggregated_model_validate result validation_accuracy ,0.850000
38, ENVOY_2, train result train_acc ,0.939394
38, ENVOY_2, locally_tuned_model_validate result validation_accuracy ,0.833333
38, ENVOY_2, aggregated_model_validate result validation_accuracy ,0.833333
38, ENVOY_1, train result train_acc ,0.951515
38, ENVOY_1, locally_tuned_model_validate result validation_accuracy ,0.966667
38, ENVOY_1, aggregated_model_validate result validation_accuracy ,0.983333
38, Aggregator, train result train_acc ,0.933333
38, Aggregator, locally_tuned_model_validate result validation_accuracy ,0.894444
38, Aggregator, aggregated_model_validate result validation_accuracy ,0.888889
39, ENVOY_1, train result train_acc ,0.945455
39, ENVOY_1, locally_tuned_model_validate result validation_accuracy ,0.950000
39, ENVOY_1, aggregated_model_validate result validation_accuracy ,0.983333
39, ENVOY_3, train result train_acc ,0.909091
39, ENVOY_3, locally_tuned_model_validate result validation_accuracy ,0.883333
39, ENVOY_3, aggregated_model_validate result validation_accuracy ,0.850000
39, ENVOY_2, train result train_acc ,0.939394
39, ENVOY_2, locally_tuned_model_validate result validation_accuracy ,0.850000
39, ENVOY_2, aggregated_model_validate result validation_accuracy ,0.900000
39, Aggregator, train result train_acc ,0.931313
39, Aggregator, locally_tuned_model_validate result validation_accuracy ,0.894444
39, Aggregator, aggregated_model_validate result validation_accuracy ,0.911111
40, ENVOY_2, train result train_acc ,0.939394
40, ENVOY_2, locally_tuned_model_validate result validation_accuracy ,0.833333
40, ENVOY_2, aggregated_model_validate result validation_accuracy ,0.833333
40, ENVOY_1, train result train_acc ,0.945455
40, ENVOY_1, locally_tuned_model_validate result validation_accuracy ,0.966667
40, ENVOY_1, aggregated_model_validate result validation_accuracy ,1.000000
40, ENVOY_3, train result train_acc ,0.921212
40, ENVOY_3, locally_tuned_model_validate result validation_accuracy ,0.866667
40, ENVOY_3, aggregated_model_validate result validation_accuracy ,0.866667
40, Aggregator, train result train_acc ,0.935354
40, Aggregator, locally_tuned_model_validate result validation_accuracy ,0.888889
40, Aggregator, aggregated_model_validate result validation_accuracy ,0.900000
41, ENVOY_3, train result train_acc ,0.909091
41, ENVOY_3, locally_tuned_model_validate result validation_accuracy ,0.866667
41, ENVOY_3, aggregated_model_validate result validation_accuracy ,0.850000
41, ENVOY_2, train result train_acc ,0.939394
41, ENVOY_2, locally_tuned_model_validate result validation_accuracy ,0.816667
41, ENVOY_2, aggregated_model_validate result validation_accuracy ,0.866667
41, ENVOY_1, train result train_acc ,0.957576
41, ENVOY_1, locally_tuned_model_validate result validation_accuracy ,0.950000
41, ENVOY_1, aggregated_model_validate result validation_accuracy ,0.983333
41, Aggregator, train result train_acc ,0.935354
41, Aggregator, locally_tuned_model_validate result validation_accuracy ,0.877778
41, Aggregator, aggregated_model_validate result validation_accuracy ,0.900000
42, ENVOY_1, train result train_acc ,0.945455
42, ENVOY_1, locally_tuned_model_validate result validation_accuracy ,0.916667
42, ENVOY_1, aggregated_model_validate result validation_accuracy ,0.983333
42, ENVOY_3, train result train_acc ,0.903030
42, ENVOY_3, locally_tuned_model_validate result validation_accuracy ,0.883333
42, ENVOY_3, aggregated_model_validate result validation_accuracy ,0.866667
42, ENVOY_2, train result train_acc ,0.939394
42, ENVOY_2, locally_tuned_model_validate result validation_accuracy ,0.833333
42, ENVOY_2, aggregated_model_validate result validation_accuracy ,0.816667
42, Aggregator, train result train_acc ,0.929293
42, Aggregator, locally_tuned_model_validate result validation_accuracy ,0.877778
42, Aggregator, aggregated_model_validate result validation_accuracy ,0.888889
43, ENVOY_2, train result train_acc ,0.939394
43, ENVOY_2, locally_tuned_model_validate result validation_accuracy ,0.816667
43, ENVOY_2, aggregated_model_validate result validation_accuracy ,0.850000
43, ENVOY_1, train result train_acc ,0.945455
43, ENVOY_1, locally_tuned_model_validate result validation_accuracy ,0.933333
43, ENVOY_1, aggregated_model_validate result validation_accuracy ,1.000000
43, ENVOY_3, train result train_acc ,0.903030
43, ENVOY_3, locally_tuned_model_validate result validation_accuracy ,0.850000
43, ENVOY_3, aggregated_model_validate result validation_accuracy ,0.850000
43, Aggregator, train result train_acc ,0.929293
43, Aggregator, locally_tuned_model_validate result validation_accuracy ,0.866667
43, Aggregator, aggregated_model_validate result validation_accuracy ,0.900000
44, ENVOY_3, train result train_acc ,0.903030
44, ENVOY_3, locally_tuned_model_validate result validation_accuracy ,0.866667
44, ENVOY_3, aggregated_model_validate result validation_accuracy ,0.900000
44, ENVOY_2, train result train_acc ,0.939394
44, ENVOY_2, locally_tuned_model_validate result validation_accuracy ,0.833333
44, ENVOY_2, aggregated_model_validate result validation_accuracy ,0.866667
44, ENVOY_1, train result train_acc ,0.945455
44, ENVOY_1, locally_tuned_model_validate result validation_accuracy ,0.933333
44, ENVOY_1, aggregated_model_validate result validation_accuracy ,0.983333
44, Aggregator, train result train_acc ,0.929293
44, Aggregator, locally_tuned_model_validate result validation_accuracy ,0.877778
44, Aggregator, aggregated_model_validate result validation_accuracy ,0.916667
45, ENVOY_1, train result train_acc ,0.951515
45, ENVOY_1, locally_tuned_model_validate result validation_accuracy ,0.950000
45, ENVOY_1, aggregated_model_validate result validation_accuracy ,1.000000
45, ENVOY_3, train result train_acc ,0.909091
45, ENVOY_3, locally_tuned_model_validate result validation_accuracy ,0.866667
45, ENVOY_3, aggregated_model_validate result validation_accuracy ,0.866667
45, ENVOY_2, train result train_acc ,0.939394
45, ENVOY_2, locally_tuned_model_validate result validation_accuracy ,0.850000
45, ENVOY_2, aggregated_model_validate result validation_accuracy ,0.883333
45, Aggregator, train result train_acc ,0.933333
45, Aggregator, locally_tuned_model_validate result validation_accuracy ,0.888889
45, Aggregator, aggregated_model_validate result validation_accuracy ,0.916667
46, ENVOY_2, train result train_acc ,0.939394
46, ENVOY_2, locally_tuned_model_validate result validation_accuracy ,0.883333
46, ENVOY_2, aggregated_model_validate result validation_accuracy ,0.833333
46, ENVOY_1, train result train_acc ,0.951515
46, ENVOY_1, locally_tuned_model_validate result validation_accuracy ,0.966667
46, ENVOY_1, aggregated_model_validate result validation_accuracy ,0.983333
46, ENVOY_3, train result train_acc ,0.915152
46, ENVOY_3, locally_tuned_model_validate result validation_accuracy ,0.850000
46, ENVOY_3, aggregated_model_validate result validation_accuracy ,0.883333
46, Aggregator, train result train_acc ,0.935354
46, Aggregator, locally_tuned_model_validate result validation_accuracy ,0.900000
46, Aggregator, aggregated_model_validate result validation_accuracy ,0.900000
47, ENVOY_3, train result train_acc ,0.903030
47, ENVOY_2, train result train_acc ,0.933333
47, ENVOY_3, locally_tuned_model_validate result validation_accuracy ,0.850000
47, ENVOY_2, locally_tuned_model_validate result validation_accuracy ,0.833333
47, ENVOY_3, aggregated_model_validate result validation_accuracy ,0.850000
47, ENVOY_2, aggregated_model_validate result validation_accuracy ,0.866667
47, ENVOY_1, train result train_acc ,0.945455
47, ENVOY_1, locally_tuned_model_validate result validation_accuracy ,0.950000
47, ENVOY_1, aggregated_model_validate result validation_accuracy ,0.983333
47, Aggregator, train result train_acc ,0.927273
47, Aggregator, locally_tuned_model_validate result validation_accuracy ,0.877778
47, Aggregator, aggregated_model_validate result validation_accuracy ,0.900000
48, ENVOY_1, train result train_acc ,0.951515
48, ENVOY_1, locally_tuned_model_validate result validation_accuracy ,0.950000
48, ENVOY_1, aggregated_model_validate result validation_accuracy ,1.000000
48, ENVOY_3, train result train_acc ,0.921212
48, ENVOY_2, train result train_acc ,0.951515
48, ENVOY_3, locally_tuned_model_validate result validation_accuracy ,0.850000
48, ENVOY_2, locally_tuned_model_validate result validation_accuracy ,0.800000
48, ENVOY_3, aggregated_model_validate result validation_accuracy ,0.900000
48, ENVOY_2, aggregated_model_validate result validation_accuracy ,0.833333
48, Aggregator, train result train_acc ,0.941414
48, Aggregator, locally_tuned_model_validate result validation_accuracy ,0.866667
48, Aggregator, aggregated_model_validate result validation_accuracy ,0.911111
49, ENVOY_2, train result train_acc ,0.939394
49, ENVOY_2, locally_tuned_model_validate result validation_accuracy ,0.833333
49, ENVOY_2, aggregated_model_validate result validation_accuracy ,0.850000
49, ENVOY_1, train result train_acc ,0.945455
49, ENVOY_1, locally_tuned_model_validate result validation_accuracy ,0.933333
49, ENVOY_1, aggregated_model_validate result validation_accuracy ,1.000000
49, ENVOY_3, train result train_acc ,0.927273
49, ENVOY_3, locally_tuned_model_validate result validation_accuracy ,0.866667
49, ENVOY_3, aggregated_model_validate result validation_accuracy ,0.866667
49, Aggregator, train result train_acc ,0.937374
49, Aggregator, locally_tuned_model_validate result validation_accuracy ,0.877778
49, Aggregator, aggregated_model_validate result validation_accuracy ,0.905556
